<?xml version="1.0" encoding="UTF-8"?>
<beans xmlns:xsi="http://www.w3.org/2001/XMLSchema-instance"
       xmlns="http://www.springframework.org/schema/beans"
       xsi:schemaLocation="http://www.springframework.org/schema/beans
        http://www.springframework.org/schema/beans/spring-beans.xsd">

    <!--  配置数据源 -->
    <bean id="dataSource" class="com.alibaba.druid.pool.DruidDataSource">
        <property name="driverClassName" value="com.mysql.jdbc.Driver"/>
        <property name="username" value="root"/>
        <property name="password" value="toor"/>
        <property name="url" value="jdbc:mysql://localhost:3306/activiti?useUnicode=true&amp;characterEncoding=UTF-8&amp;autoReconnect=true&amp;useSSL=false&amp;serverTimezone=GMT%2B8&amp;allowPublicKeyRetrieval=true"/>
    </bean>

    <!-- Activiti单独运行的ProcessEngine配置 -->
    <bean id="processEngineConfiguration" class="org.activiti.engine.impl.cfg.StandaloneProcessEngineConfiguration">
        <!-- 数据源 -->
        <property name="dataSource" ref="dataSource"/>
        <property name="databaseSchemaUpdate" value="true"/>
    </bean>
</beans>
